{
  "sport_key": "baseball_mlb",
  "market": "totals",
  "cv_metrics": {
    "auc_mean": 0.5464337250051536,
    "auc_std": 0.09135903226146266,
    "logloss_mean": 0.8070563561556435,
    "n_samples": 128,
    "n_wins": 65
  }
}