{
  "sport_key": "baseball_mlb",
  "market": "h2h",
  "cv_metrics": {
    "auc_mean": 0.4276609633752491,
    "auc_std": 0.008468225286067157,
    "logloss_mean": 0.8879369087187549,
    "n_samples": 128,
    "n_wins": 64
  }
}