{
  "sport_key": "baseball_mlb",
  "market": "totals",
  "cv_metrics": {
    "auc_mean": 0.5046370455123316,
    "auc_std": 0.021186109362269525,
    "logloss_mean": 0.7913439759201807,
    "n_samples": 128,
    "n_wins": 70
  }
}