{
  "sport_key": "baseball_mlb",
  "market": "h2h",
  "cv_metrics": {
    "auc_mean": 0.525441489727204,
    "auc_std": 0.056972866164140955,
    "logloss_mean": 0.8341459764571835,
    "n_samples": 128,
    "n_wins": 63
  }
}