{
  "sport_key": "baseball_mlb",
  "market": "spreads",
  "cv_metrics": {
    "auc_mean": 0.5885040885040885,
    "auc_std": 0.059392360968407006,
    "logloss_mean": 0.8129296214845554,
    "n_samples": 128,
    "n_wins": 64
  }
}