{
  "sport_key": "baseball_mlb",
  "market": "h2h",
  "cv_metrics": {
    "auc_mean": 0.6052278423331054,
    "auc_std": 0.039174426105486576,
    "logloss_mean": 0.8358726458039195,
    "n_samples": 208,
    "n_wins": 99
  }
}