{
  "sport_key": "baseball_mlb",
  "market": "totals",
  "cv_metrics": {
    "auc_mean": 0.5069026751446412,
    "auc_std": 0.08874054158213562,
    "logloss_mean": 0.9041660505635277,
    "n_samples": 136,
    "n_wins": 69
  }
}