{
  "sport_key": "baseball_mlb",
  "market": "h2h",
  "cv_metrics": {
    "auc_mean": 0.51705833848691,
    "auc_std": 0.041684821340241325,
    "logloss_mean": 0.8285010151348599,
    "n_samples": 128,
    "n_wins": 63
  }
}