{
  "sport_key": "baseball_mlb",
  "market": "spreads",
  "cv_metrics": {
    "auc_mean": 0.5870267298838728,
    "auc_std": 0.061946724152188944,
    "logloss_mean": 0.8146548128957836,
    "n_samples": 128,
    "n_wins": 64
  }
}