{
  "sport_key": "baseball_mlb",
  "market": "h2h",
  "cv_metrics": {
    "auc_mean": 0.48118421052631577,
    "auc_std": 0.07816328470988772,
    "logloss_mean": 0.8642853757355319,
    "n_samples": 118,
    "n_wins": 59
  }
}