{
  "sport_key": "baseball_mlb",
  "market": "h2h",
  "cv_metrics": {
    "auc_mean": 0.513498075998076,
    "auc_std": 0.056908599680849076,
    "logloss_mean": 0.8307510993171427,
    "n_samples": 136,
    "n_wins": 64
  }
}