{
  "sport_key": "baseball_mlb",
  "market": "spreads",
  "cv_metrics": {
    "auc_mean": 0.44962866652798006,
    "auc_std": 0.08186093709419384,
    "logloss_mean": 0.9473252420075383,
    "n_samples": 208,
    "n_wins": 112
  }
}