{
  "sport_key": "baseball_mlb",
  "market": "spreads",
  "cv_metrics": {
    "auc_mean": 0.49273783587509074,
    "auc_std": 0.04539963291758268,
    "logloss_mean": 0.8490661502608529,
    "n_samples": 108,
    "n_wins": 52
  }
}