{
  "sport_key": "baseball_mlb",
  "market": "spreads",
  "cv_metrics": {
    "auc_mean": 0.5014726631393298,
    "auc_std": 0.030342445584628265,
    "logloss_mean": 0.8761056898190267,
    "n_samples": 158,
    "n_wins": 75
  }
}