{
  "sport_key": "baseball_mlb",
  "market": "h2h",
  "cv_metrics": {
    "auc_mean": 0.5192571978286263,
    "auc_std": 0.04459012992019345,
    "logloss_mean": 0.8302771743892148,
    "n_samples": 128,
    "n_wins": 63
  }
}