{
  "sport_key": "baseball_mlb",
  "market": "totals",
  "cv_metrics": {
    "auc_mean": 0.5499037999038,
    "auc_std": 0.08414707841677888,
    "logloss_mean": 0.8066431110672051,
    "n_samples": 128,
    "n_wins": 65
  }
}