{
  "sport_key": "baseball_mlb",
  "market": "spreads",
  "cv_metrics": {
    "auc_mean": 0.5454201627256547,
    "auc_std": 0.06601215383521766,
    "logloss_mean": 0.8282823009892418,
    "n_samples": 128,
    "n_wins": 58
  }
}