{
  "sport_key": "baseball_mlb",
  "market": "h2h",
  "cv_metrics": {
    "auc_mean": 0.4687747035573122,
    "auc_std": 0.054338389673318346,
    "logloss_mean": 0.8726298895643706,
    "n_samples": 158,
    "n_wins": 90
  }
}