{
  "sport_key": "baseball_mlb",
  "market": "totals",
  "cv_metrics": {
    "auc_mean": 0.45812719027004734,
    "auc_std": 0.07267341924028696,
    "logloss_mean": 0.9091615856501376,
    "n_samples": 208,
    "n_wins": 107
  }
}