{
  "sport_key": "baseball_mlb",
  "market": "totals",
  "cv_metrics": {
    "auc_mean": 0.5490448704734419,
    "auc_std": 0.07782308288029717,
    "logloss_mean": 0.8018050553272639,
    "n_samples": 128,
    "n_wins": 65
  }
}