{
  "sport_key": "baseball_mlb",
  "market": "totals",
  "cv_metrics": {
    "auc_mean": 0.2796697626418989,
    "auc_std": 0.058566478597076616,
    "logloss_mean": 0.9207217945055571,
    "n_samples": 110,
    "n_wins": 53
  }
}