{
  "sport_key": "baseball_mlb",
  "market": "spreads",
  "cv_metrics": {
    "auc_mean": 0.5887445887445888,
    "auc_std": 0.04712454774259142,
    "logloss_mean": 0.8140724472033437,
    "n_samples": 128,
    "n_wins": 64
  }
}