{
  "sport_key": "baseball_mlb",
  "market": "spreads",
  "cv_metrics": {
    "auc_mean": 0.5594890301884631,
    "auc_std": 0.09049390144381166,
    "logloss_mean": 0.8065092035100276,
    "n_samples": 136,
    "n_wins": 69
  }
}