{
  "sport_key": "baseball_mlb",
  "market": "totals",
  "cv_metrics": {
    "auc_mean": 0.5118160566878516,
    "auc_std": 0.003829016585579872,
    "logloss_mean": 0.8335513767699395,
    "n_samples": 158,
    "n_wins": 79
  }
}