{
  "sport_key": "basketball_nba",
  "market": "spreads",
  "cv_metrics": {
    "auc_mean": 0.5172219085262563,
    "auc_std": 0.0747766437814619,
    "logloss_mean": 0.8881782539164362,
    "n_samples": 130,
    "n_wins": 63
  }
}