{
  "sport_key": "basketball_nba",
  "market": "totals",
  "cv_metrics": {
    "auc_mean": 0.5708054571690936,
    "auc_std": 0.06001575975495234,
    "logloss_mean": 0.8141790865906279,
    "n_samples": 130,
    "n_wins": 66
  }
}