{
  "sport_key": "basketball_nba",
  "market": "h2h",
  "cv_metrics": {
    "auc_mean": 0.639855072463768,
    "auc_std": 0.03003533590733726,
    "logloss_mean": 0.7617612138815693,
    "n_samples": 130,
    "n_wins": 61
  }
}