{
  "sport_key": "icehockey_nhl",
  "market": "h2h",
  "cv_metrics": {
    "auc_mean": 0.3438492063492064,
    "auc_std": 0.09304307460213518,
    "logloss_mean": 0.6912910123167445,
    "n_samples": 80,
    "n_wins": 44
  }
}